<?xml version="1.0" encoding="utf-8" ?>
<Defs>

  <ScenarioDef Name="Astra Militarum Regiment">
    <defName>ImperialguardsGeneral</defName>
    <label>Astra Militarum Regiment</label>
    <description>In the face of threat on a distant planet, the Imperial Guard, loyal to the Emperor, is dispatched to conquer and subjugate this mysterious realm in the Emperor's Glory. The planet is inhabited by various factions, none of which recognize the authority of the Imperium.\n\nUnder the command of a seasoned leader, the guardsmen land on the planet's surface, ready to fight and seize control. They must confront not only armed enemy forces but also diverse environmental challenges.\n\nThe planet's environment is harsh and inhospitable, with varied landscapes ranging from rocky mountains to impenetrable jungles, coupled with hazardous weather conditions. The guardsmen must swiftly adapt their tactics and employ their combat and logistical skills to survive and gain control over key areas critical to the mission's success.</description>
    <scenario>
      <summary>Led by a seasoned commander, this Astra Militarum Regiment embarks on conquering a hostile planet, aiming for victory!</summary>
      <playerFaction>
        <def>PlayerFaction</def>
        <factionDef>PlayerGrimworld</factionDef>
      </playerFaction>
      <parts>

        <!-- Config pages -->
        <li Class="ScenPart_ConfigPage_ConfigureStartingPawns">
          <def>ConfigPage_ConfigureStartingPawns</def>
          <pawnCount>5</pawnCount>
          <pawnChoiceCount>10</pawnChoiceCount>
        </li>

        <!-- Player starting stuff spawn method-->
        <li Class="ScenPart_PlayerPawnsArriveMethod">
          <def>PlayerPawnsArriveMethod</def>
          <method>DropPods</method>
          <visible>false</visible>
        </li>

                <!-- Player starting things -->

                <li Class="ScenPart_StartingThing_Defined">
                    <def>StartingThing_Defined</def>
                    <thingDef>FieldMedkit</thingDef>
                    <count>30</count>
                </li>

                <li Class="ScenPart_StartingThing_Defined">
                    <def>StartingThing_Defined</def>
                    <thingDef>ComponentIndustrial</thingDef>
                    <count>30</count>
                </li>

                <li Class="ScenPart_StartingThing_Defined">
                    <def>StartingThing_Defined</def>
                    <thingDef>ODZ_40k_IG_Cadian_Helmet</thingDef>
                    <count>5</count>
                </li>

                <li Class="ScenPart_StartingThing_Defined">
                    <def>StartingThing_Defined</def>
                    <thingDef>ODZ_40k_IG_Cadian_FlakArmor</thingDef>
                    <count>5</count>
                </li>

                <li Class="ScenPart_StartingThing_Defined">
                    <def>StartingThing_Defined</def>
                    <thingDef>GW_AM_MeleeWeapon_Chainshortsword</thingDef>
                    <count>2</count>
                </li>

                <li Class="ScenPart_StartingThing_Defined">
                    <def>StartingThing_Defined</def>
                    <thingDef>Gun_Agripinaamkii</thingDef>
                    <count>2</count>
                </li>

                <li Class="ScenPart_StartingThing_Defined" MayRequire="ceteam.combatextended">
                    <def>StartingThing_Defined</def>
                    <thingDef>Ammo_AutoGun</thingDef>
                    <count>100</count>
                </li>

                <li Class="ScenPart_StartingThing_Defined">
                    <def>StartingThing_Defined</def>
                    <thingDef>Gun_MilitarumShotgun</thingDef>
                    <count>1</count>
                </li>

                <li Class="ScenPart_StartingThing_Defined" MayRequire="ceteam.combatextended">
                    <def>StartingThing_Defined</def>
                    <thingDef>Ammo_Shotgungrim</thingDef>
                    <count>40</count>
                </li>

                <li Class="ScenPart_StartingThing_Defined">
                    <def>StartingThing_Defined</def>
                    <thingDef>GW_AM_Gun_Lascarbinefour</thingDef>
                    <count>2</count>
                </li>

                <li Class="ScenPart_StartingThing_Defined" MayRequire="ceteam.combatextended">
                    <def>StartingThing_Defined</def>
                    <thingDef>Ammo_Lasbolt</thingDef>
                    <count>100</count>
                </li>

                <!-- Scatter some things near player start -->

                <li Class="ScenPart_StartingThing_Defined">
                    <def>StartingThing_Defined</def>
                    <thingDef>CorpseStarch</thingDef>
                    <count>1000</count>
                </li>

                <li Class="ScenPart_ScatterThingsNearPlayerStart">
                    <def>ScatterThingsNearPlayerStart</def>
                    <thingDef>WoodLog</thingDef>
                    <count>500</count>
                </li>

                <li Class="ScenPart_ScatterThingsNearPlayerStart">
                    <def>StartingThing_Defined</def>
                    <thingDef>Silver</thingDef>
                    <count>1000</count>
                </li>   

                <li Class="ScenPart_ScatterThingsNearPlayerStart">
                    <def>ScatterThingsNearPlayerStart</def>
                    <thingDef>Steel</thingDef>
                    <count>1000</count>
                </li>
        
        <!-- Game start dialog -->
        <li Class="ScenPart_GameStartDialog">
          <def>GameStartDialog</def>
          <text>You have been sent to claim this hostile world in the Emperor's name. You must utilize the equipment granted to you to create a grand beacon of humanity, a Militarum outpost that shall be vital in the fight against the threats that roam this land.\n\nRecruit locals to expand the outpost, and show this world the full might of the Hammer of the Emperor!</text>
          <closeSound>GameStartSting</closeSound>
        </li>
        
      </parts>
    </scenario>
  </ScenarioDef>

  </Defs>